utility,state,name,type,voltage_kv,in_service,in_service_end,lat,lng,route,cost_usd,approximate,requires_review,confidence,location_ref,source_file,source_url,source_page,raw_excerpt
Duke Energy Florida,FL,Nova - Sweetwater 230 kV Line,transmission line,230.0,2028-01,,28.059,-81.139,,,True,False,0.8,Nova Substation - Sweetwater Substation,frcc_2026_load_resource_plan.pdf,https://www.floridapsc.com/pscfiles/website-files/PDF/Utilities/Electricgas/TenYearSitePlans/2026/FRCC_RLRP.pdf,62,"FRCC 2026 Load and Resource Plan, Form 13 (proposed transmission lines as of January 1, 2026), page 62: DEF NOVA SUBSTATION SWEETWATER SUBSTATION 1.0 01/2028 230 919 NA
Located: SWEETWATER SUBSTATION = Osceola County, FL (county centre, curated)"
Duke Energy Florida,FL,Bull Creek - Sweetwater 230 kV Line,transmission line,230.0,2028-02,,28.059,-81.139,,,True,False,0.8,Bull Creek Substation - Sweetwater Substation,frcc_2026_load_resource_plan.pdf,https://www.floridapsc.com/pscfiles/website-files/PDF/Utilities/Electricgas/TenYearSitePlans/2026/FRCC_RLRP.pdf,62,"FRCC 2026 Load and Resource Plan, Form 13 (proposed transmission lines as of January 1, 2026), page 62: DEF BULL CREEK SUBSTATION SWEETWATER SUBSTATION 1 02/2028 230 919 NA
Located: SWEETWATER SUBSTATION = Osceola County, FL (county centre, curated); BULL CREEK SUBSTATION ~ Osceola County, FL (county centre) (midpoint)"
Duke Energy Florida,FL,Wewahootee - Sweetwater 230 kV Line,transmission line,230.0,2028-02,,28.059,-81.139,,,True,False,0.8,Wewahootee Substation - Sweetwater Substation,frcc_2026_load_resource_plan.pdf,https://www.floridapsc.com/pscfiles/website-files/PDF/Utilities/Electricgas/TenYearSitePlans/2026/FRCC_RLRP.pdf,62,"FRCC 2026 Load and Resource Plan, Form 13 (proposed transmission lines as of January 1, 2026), page 62: DEF WEWAHOOTEE SUBSTATION SWEETWATER SUBSTATION 1 02/2028 230 919 NA
Located: SWEETWATER SUBSTATION = Osceola County, FL (county centre, curated)"
Duke Energy Florida,FL,Banner - Radiant 230 kV Line,transmission line,230.0,2027-03,,,,,,False,True,0.6,Banner Substation - Radiant Substation,frcc_2026_load_resource_plan.pdf,https://www.floridapsc.com/pscfiles/website-files/PDF/Utilities/Electricgas/TenYearSitePlans/2026/FRCC_RLRP.pdf,62,"FRCC 2026 Load and Resource Plan, Form 13 (proposed transmission lines as of January 1, 2026), page 62: DEF BANNER SUBSTATION RADIANT SUBSTATION 0.2 03/2027 230 919 NA
No substation or place match; needs review."
Duke Energy Florida,FL,Jumper Creek - Crescent 230 kV Line,transmission line,230.0,2026-04,,,,,,False,True,0.6,Jumper Creek Substation - Crescent Switching Station,frcc_2026_load_resource_plan.pdf,https://www.floridapsc.com/pscfiles/website-files/PDF/Utilities/Electricgas/TenYearSitePlans/2026/FRCC_RLRP.pdf,62,"FRCC 2026 Load and Resource Plan, Form 13 (proposed transmission lines as of January 1, 2026), page 62: DEF JUMPER CREEK SUBSTATION CRESCENT SWITCHING STATION 0.1 04/2026 230 919 NA
No substation or place match; needs review."
Duke Energy Florida,FL,Bailey Mill - Bailey Mill Tap 115 kV Line,transmission line,115.0,2026-06,,,,,,False,True,0.6,Bailey Mill Substation - Bailey Mill Tap,frcc_2026_load_resource_plan.pdf,https://www.floridapsc.com/pscfiles/website-files/PDF/Utilities/Electricgas/TenYearSitePlans/2026/FRCC_RLRP.pdf,62,"FRCC 2026 Load and Resource Plan, Form 13 (proposed transmission lines as of January 1, 2026), page 62: DEF BAILEY MILL SUBSTATION BAILEY MILL TAP 0.1 06/2026 115 392 NA
No substation or place match; needs review."
Duke Energy Florida,FL,Lonesome Camp - Q326 230 kV Line,transmission line,230.0,2026-10,,28.059,-81.139,,,True,False,0.8,Lonesome Camp Substation - Q326 Substation,frcc_2026_load_resource_plan.pdf,https://www.floridapsc.com/pscfiles/website-files/PDF/Utilities/Electricgas/TenYearSitePlans/2026/FRCC_RLRP.pdf,62,"FRCC 2026 Load and Resource Plan, Form 13 (proposed transmission lines as of January 1, 2026), page 62: DEF LONESOME CAMP SUBSTATION Q326 SUBSTATION 0.1 10/2026 230 919 NA
Located: LONESOME CAMP SUBSTATION = Osceola County, FL (county centre, curated); Q326 SUBSTATION = Osceola County, FL (county centre, curated) (midpoint)"
Duke Energy Florida,FL,Powerline BESS - Powerline 230 kV Line,transmission line,230.0,2026-10,,28.965,-82.614,,,True,False,0.8,Powerline BESS Substation - Powerline Substation,frcc_2026_load_resource_plan.pdf,https://www.floridapsc.com/pscfiles/website-files/PDF/Utilities/Electricgas/TenYearSitePlans/2026/FRCC_RLRP.pdf,62,"FRCC 2026 Load and Resource Plan, Form 13 (proposed transmission lines as of January 1, 2026), page 62: DEF POWERLINE BESS SUBSTATION POWERLINE SUBSTATION 1 10/2026 230 919 NA
Located: POWERLINE SUBSTATION = OSM substation 'Powerline Substation' (FL)"
Duke Energy Florida,FL,Turnpike - Q325 230 kV Line,transmission line,230.0,2026-10,,28.059,-81.139,,,True,False,0.8,Turnpike Substation - Q325 Substation,frcc_2026_load_resource_plan.pdf,https://www.floridapsc.com/pscfiles/website-files/PDF/Utilities/Electricgas/TenYearSitePlans/2026/FRCC_RLRP.pdf,62,"FRCC 2026 Load and Resource Plan, Form 13 (proposed transmission lines as of January 1, 2026), page 62: DEF TURNPIKE SUBSTATION Q325 SUBSTATION 0.1 10/2026 230 919 NA
Located: TURNPIKE SUBSTATION = Osceola County, FL (county centre, curated); Q325 SUBSTATION = Osceola County, FL (county centre, curated) (midpoint)"
Duke Energy Florida,FL,Higdon - Birch 230 kV Line,transmission line,230.0,2027-11,,,,,,False,True,0.6,Higdon Substation - Birch Substation,frcc_2026_load_resource_plan.pdf,https://www.floridapsc.com/pscfiles/website-files/PDF/Utilities/Electricgas/TenYearSitePlans/2026/FRCC_RLRP.pdf,62,"FRCC 2026 Load and Resource Plan, Form 13 (proposed transmission lines as of January 1, 2026), page 62: DEF HIGDON SUBSTATION BIRCH SUBSTATION 1 11/2027 230 919 NA
No substation or place match; needs review."
Duke Energy Florida,FL,Bartow BESS - Bartow 230 kV Line,transmission line,230.0,2027-12,,27.862,-82.601,,,True,False,0.8,Bartow BESS Substation - Bartow Substation,frcc_2026_load_resource_plan.pdf,https://www.floridapsc.com/pscfiles/website-files/PDF/Utilities/Electricgas/TenYearSitePlans/2026/FRCC_RLRP.pdf,62,"FRCC 2026 Load and Resource Plan, Form 13 (proposed transmission lines as of January 1, 2026), page 62: DEF BARTOW BESS SUBSTATION BARTOW SUBSTATION 0.1 12/2027 230 919 NA
Located: BARTOW SUBSTATION = OSM plant 'Bartow Power Plant' (FL)"
Duke Energy Florida / Seminole Electric Cooperative,FL,Martin West - Silver Springs North 230 kV Line,transmission line,230.0,2026-03,,29.302,-82.196,,,True,False,0.8,Martin West - Silver Springs North,frcc_2026_load_resource_plan.pdf,https://www.floridapsc.com/pscfiles/website-files/PDF/Utilities/Electricgas/TenYearSitePlans/2026/FRCC_RLRP.pdf,62,"FRCC 2026 Load and Resource Plan, Form 13 (proposed transmission lines as of January 1, 2026), page 62: DEF-SEC DEF MARTIN WEST SEC SILVER SPRINGS NORTH 1.0 3/2026 230 1195 NA
Located: MARTIN WEST = OSM substation 'Martin West Substation' (FL)"
Florida Power & Light,FL,Sweatt - Whidden 230 kV Line,transmission line,230.0,2026-06,,27.337,-81.301,27.448 -80.793;27.225 -81.809,,False,False,0.95,Sweatt - Whidden,frcc_2026_load_resource_plan.pdf,https://www.floridapsc.com/pscfiles/website-files/PDF/Utilities/Electricgas/TenYearSitePlans/2026/FRCC_RLRP.pdf,62,"FRCC 2026 Load and Resource Plan, Form 13 (proposed transmission lines as of January 1, 2026), page 62: FPL SWEATT WHIDDEN 79 6/2026 230 1195 NA
Located: SWEATT = OSM substation 'Sweatt Substation' (FL); WHIDDEN = OSM substation 'Whidden Substation' (FL) (midpoint)"
Florida Power & Light,FL,Oasis - Andytown 500 kV Line,transmission line,500.0,2031-12,,26.194,-80.477,,,True,False,0.8,Oasis - Andytown,frcc_2026_load_resource_plan.pdf,https://www.floridapsc.com/pscfiles/website-files/PDF/Utilities/Electricgas/TenYearSitePlans/2026/FRCC_RLRP.pdf,62,"FRCC 2026 Load and Resource Plan, Form 13 (proposed transmission lines as of January 1, 2026), page 62: FPL OASIS ANDYTOWN 30 12/2031 500 3464 NA
Located: ANDYTOWN ~ Broward County, FL (county centre)"
Florida Power & Light,FL,Oasis - Quarry 500 kV Line,transmission line,500.0,2033-12,,,,,,False,True,0.6,Oasis - Quarry,frcc_2026_load_resource_plan.pdf,https://www.floridapsc.com/pscfiles/website-files/PDF/Utilities/Electricgas/TenYearSitePlans/2026/FRCC_RLRP.pdf,62,"FRCC 2026 Load and Resource Plan, Form 13 (proposed transmission lines as of January 1, 2026), page 62: FPL OASIS QUARRY 15 12/3033 500 3464 NA (printed 12/3033; read as 2033)
No substation or place match; needs review."
Florida Power & Light,FL,Quarry - Oasis 230 kV Line,transmission line,230.0,2033-12,,,,,,False,True,0.6,Quarry - Oasis,frcc_2026_load_resource_plan.pdf,https://www.floridapsc.com/pscfiles/website-files/PDF/Utilities/Electricgas/TenYearSitePlans/2026/FRCC_RLRP.pdf,62,"FRCC 2026 Load and Resource Plan, Form 13 (proposed transmission lines as of January 1, 2026), page 62: FPL QUARRY OASIS 15 12/3033 230 1195 NA (printed 12/3033; read as 2033)
No substation or place match; needs review."
Florida Power & Light,FL,Levee - Oasis 230 kV Line,transmission line,230.0,2033-12,,,,,,False,True,0.6,Levee - Oasis,frcc_2026_load_resource_plan.pdf,https://www.floridapsc.com/pscfiles/website-files/PDF/Utilities/Electricgas/TenYearSitePlans/2026/FRCC_RLRP.pdf,62,"FRCC 2026 Load and Resource Plan, Form 13 (proposed transmission lines as of January 1, 2026), page 62: FPL LEVEE OASIS 15 12/3033 230 1195 NA (printed 12/3033; read as 2033)
No substation or place match; needs review."
City of Lakeland,FL,Indian Lake - Galloway 69 kV Line,transmission line,69.0,2029-12,,28.095,-82.01,,,True,False,0.8,Indian Lake - Galloway,frcc_2026_load_resource_plan.pdf,https://www.floridapsc.com/pscfiles/website-files/PDF/Utilities/Electricgas/TenYearSitePlans/2026/FRCC_RLRP.pdf,62,"FRCC 2026 Load and Resource Plan, Form 13 (proposed transmission lines as of January 1, 2026), page 62: LAK INDIAN LAKE GALLOWAY 0 12/2029 69 170 NA
Located: GALLOWAY = OSM substation 'Galloway Substation' (FL)"
City of Lakeland / Tampa Electric,FL,Hamilton - JD Page 69 kV Line,transmission line,69.0,2027-06,,27.954,-81.693,,,True,False,0.8,Hamilton - JD Page,frcc_2026_load_resource_plan.pdf,https://www.floridapsc.com/pscfiles/website-files/PDF/Utilities/Electricgas/TenYearSitePlans/2026/FRCC_RLRP.pdf,62,"FRCC 2026 Load and Resource Plan, Form 13 (proposed transmission lines as of January 1, 2026), page 62: LAK-TEC HAMILTON JD PAGE (TEC) 0 06/2027 69 179 NA
Located: HAMILTON = Polk County, FL (county centre, curated)"
City of Lakeland / Tampa Electric,FL,Sutton - Varrea 69 kV Line,transmission line,69.0,2028-06,,28.069,-82.016,,,True,False,0.8,Sutton - Varrea,frcc_2026_load_resource_plan.pdf,https://www.floridapsc.com/pscfiles/website-files/PDF/Utilities/Electricgas/TenYearSitePlans/2026/FRCC_RLRP.pdf,62,"FRCC 2026 Load and Resource Plan, Form 13 (proposed transmission lines as of January 1, 2026), page 62: LAK-TEC SUTTON VARREA (TEC) 0 06/2028 69 129 NA
Located: SUTTON = OSM substation 'Sutton Substation' (FL)"
Tampa Electric,FL,South Shore - Manatee 230 kV Line,transmission line,230.0,2027-12,,27.604,-82.345,,,True,False,0.8,South Shore - Manatee,frcc_2026_load_resource_plan.pdf,https://www.floridapsc.com/pscfiles/website-files/PDF/Utilities/Electricgas/TenYearSitePlans/2026/FRCC_RLRP.pdf,62,"FRCC 2026 Load and Resource Plan, Form 13 (proposed transmission lines as of January 1, 2026), page 62: TEC SOUTH SHORE MANATEE 0.1 12/2027 230 1119 NA
Located: MANATEE = OSM substation 'Manatee Substation' (FL)"
PowerSouth,FL,Southport - Highpoint 115 kV Line,transmission line,115.0,2026-12,,30.283,-85.625,,,True,False,0.8,Southport - Highpoint,frcc_2026_load_resource_plan.pdf,https://www.floridapsc.com/pscfiles/website-files/PDF/Utilities/Electricgas/TenYearSitePlans/2026/FRCC_RLRP.pdf,85,"FRCC 2026 Load and Resource Plan, Form 13 (proposed transmission lines as of January 1, 2026), page 85: PEC SOUTHPORT HIGHPOINT 7.3 12 / 2026 115 217 NA
Located: SOUTHPORT = OSM substation 'Southport Substation' (FL)"
PowerSouth,FL,Gaskin - Highpoint 115 kV Line,transmission line,115.0,2027-09,,30.242,-85.468,,,True,False,0.8,Gaskin - Highpoint,frcc_2026_load_resource_plan.pdf,https://www.floridapsc.com/pscfiles/website-files/PDF/Utilities/Electricgas/TenYearSitePlans/2026/FRCC_RLRP.pdf,85,"FRCC 2026 Load and Resource Plan, Form 13 (proposed transmission lines as of January 1, 2026), page 85: PEC GASKIN HIGHPOINT 0 9 / 2027 115 217 NA
Located: GASKIN = OSM substation 'Gaskin Substation' (FL)"
