utility,total,current,archived,ownership_review_required,corporate_groups
Alligator Creek Solar,1,1,0,True,
B & K Solar,1,1,0,False,energyre
Big Fork Solar,2,2,0,True,
Brightnight Power,1,1,0,True,
CVSO,1,1,0,True,
Cabokenze Energy Storage,1,1,0,True,
City of Lakeland,1,1,0,False,city of lakeland
City of Lakeland / Tampa Electric,2,2,0,False,city of lakeland / emera
City of Tallahassee,2,2,0,False,city of tallahassee
Cobb Electric Membership,1,1,0,False,cobb electric membership
Colleton Solar,1,1,0,True,
Cotton Solar,1,1,0,True,
Crossroads Bn,1,1,0,True,
Crossroads Solar,1,1,0,True,
Culpepper Solar,1,1,0,False,energyre
Dalton Utilities,1,1,0,False,dalton utilities
Dominion Energy South Carolina,54,47,7,False,dominion energy
Drawhorn Solar,1,1,0,True,
Duke Energy Carolinas,18,18,0,False,duke energy
Duke Energy Florida,15,13,2,False,duke energy
Duke Energy Florida / Seminole Electric Cooperative,1,0,1,False,duke energy / seminole electric cooperative
Duke Energy Progress,1,1,0,False,duke energy
Edf Renewables Development,1,1,0,False,edf
Florida Power & Light,18,17,1,False,nextera energy
Frp Forest Trail Solar,1,1,0,False,nextera energy
Frp Miller Solar,1,1,0,False,nextera energy
Geb Solar,1,1,0,True,
Georgia Power,141,99,42,False,southern company
Georgia Transmission Corp,67,67,0,False,georgia transmission corp
Holliday Solar I,1,1,0,True,
Juniper Solar,1,1,0,False,energyre
Kingstree East 230,1,1,0,False,ingka group
Kingstree West 115,1,0,1,False,ingka group
Laurens Solar I,1,1,0,True,
Lotus Solar,1,1,0,True,
MEAG Power,12,12,0,False,meag power
Melsam Solar,1,1,0,False,energyre
Oglethorpe Power,2,2,0,False,oglethorpe power
Pasco County - (fl),1,1,0,False,pasco county - (fl)
Peach Woodsolar,1,1,0,True,
Pinopolis Bess,1,1,0,False,aypa power
Placid Solar,1,1,0,True,
Placid Solar Ii,1,1,0,True,
PowerSouth,3,3,0,False,powersouth
Quest Solar,1,1,0,True,
Rollins Solar,1,1,0,False,energyre
Ross Solar,1,1,0,False,energyre
Samsung C&t Renewables,1,1,0,True,
Sandersville Solar,1,1,0,True,
Shady Hills Energy Center,1,1,0,True,
Shining Sun Solar,1,1,0,True,
Shorthorn Solar,1,1,0,False,energyre
Solriver Capital,1,1,0,False,solriver capital
South Carolina Public Service Authority,1,1,0,False,south carolina public service authority
Southern Company,92,92,0,False,southern company
Sr Bacon,1,1,0,False,silicon ranch
Sr Bacon Ii,1,1,0,False,silicon ranch
Sr Bacon Iii,1,1,0,False,silicon ranch
Sr Cordova,1,1,0,False,silicon ranch
Sr Georgetown,1,1,0,False,silicon ranch
Sr Norwood,1,1,0,True,
Sr Rochelle I,1,1,0,True,
Sr Rochelle Ii,1,1,0,True,
TVA,1,1,0,False,tva
Tampa Electric,5,5,0,False,emera
