utility,corporate_group,status,source_url,notes
Alligator Creek Solar,,review,,Project LLC upstream ownership not established by the EIA operator name. Withhold matches pending evidence.
B & K Solar,energyRe,verified,https://www.energyre.com/more/our-projects,Ownership grouping; power buyers and balancing authorities do not establish ownership.
Big Fork Solar,,review,,Project LLC upstream ownership not established by the EIA operator name. Withhold matches pending evidence.
Brightnight Power,,review,,Project LLC upstream ownership not established by the EIA operator name. Withhold matches pending evidence.
CVSO,,review,,Project LLC upstream ownership not established by the EIA operator name. Withhold matches pending evidence.
Cabokenze Energy Storage,,review,,Project LLC upstream ownership not established by the EIA operator name. Withhold matches pending evidence.
City of Lakeland,City of Lakeland,verified,https://lakelandelectric.com/,Ownership grouping; power buyers and balancing authorities do not establish ownership.
City of Lakeland / Tampa Electric,City of Lakeland / Emera,verified,https://www.frcc.com/,Joint owners; exclude matches sharing any member.
City of Tallahassee,City of Tallahassee,verified,https://www.talgov.com/you/you-electric,Ownership grouping; power buyers and balancing authorities do not establish ownership.
Cobb Electric Membership,Cobb Electric Membership,verified,https://www.cobbemc.com/about-us,Ownership grouping; power buyers and balancing authorities do not establish ownership.
Colleton Solar,,review,,Project LLC upstream ownership not established by the EIA operator name. Withhold matches pending evidence.
Cotton Solar,,review,,Project LLC upstream ownership not established by the EIA operator name. Withhold matches pending evidence.
Crossroads BN,,review,,Project LLC upstream ownership not established by the EIA operator name. Withhold matches pending evidence.
Crossroads Solar,,review,,Project LLC upstream ownership not established by the EIA operator name. Withhold matches pending evidence.
Culpepper Solar,energyRe,verified,https://www.energyre.com/more/our-projects,Ownership grouping; power buyers and balancing authorities do not establish ownership.
Dalton Utilities,Dalton Utilities,verified,https://www.dutil.com/,Ownership grouping; power buyers and balancing authorities do not establish ownership.
Dominion Energy South Carolina,Dominion Energy,verified,https://www.dominionenergy.com/en/About/Our-Company/Operating-Segments,Ownership grouping; power buyers and balancing authorities do not establish ownership.
Drawhorn Solar,,review,,Project LLC upstream ownership not established by the EIA operator name. Withhold matches pending evidence.
Duke Energy Carolinas,Duke Energy,verified,https://www.sec.gov/Archives/edgar/data/17797/000132616026000014/duk-20251231.htm,Ownership grouping; power buyers and balancing authorities do not establish ownership.
Duke Energy Florida,Duke Energy,verified,https://www.sec.gov/Archives/edgar/data/17797/000132616026000014/duk-20251231.htm,Ownership grouping; power buyers and balancing authorities do not establish ownership.
Duke Energy Florida / Seminole Electric Cooperative,Duke Energy / Seminole Electric Cooperative,verified,https://www.frcc.com/,Joint owners; exclude matches sharing any member.
Duke Energy Progress,Duke Energy,verified,https://www.sec.gov/Archives/edgar/data/17797/000132616026000014/duk-20251231.htm,Ownership grouping; power buyers and balancing authorities do not establish ownership.
EDF Renewables Development,EDF,verified,https://www.edf-re.com/,Ownership grouping; power buyers and balancing authorities do not establish ownership.
Florida Power & Light,NextEra Energy,verified,https://www.investor.nexteraenergy.com/fixed-income-investors/financial-policy,Ownership grouping; power buyers and balancing authorities do not establish ownership.
FRP Forest Trail Solar,NextEra Energy,verified,https://www.jea.com/Events/Board_Meetings/2024_03_26_Board_Meeting_Package/,Ownership grouping; power buyers and balancing authorities do not establish ownership.
FRP Miller Solar,NextEra Energy,verified,https://www.jea.com/Events/Board_Meetings/2024_03_26_Board_Meeting_Package/,Ownership grouping; power buyers and balancing authorities do not establish ownership.
Geb Solar,,review,https://dms.psc.sc.gov/Attachments/Matter/889cdc5b-d763-4244-bd93-305ce5936b70,2017 filing identifies Southern Current; current ownership chain requires confirmation.
Georgia Power,Southern Company,verified,https://www.georgiapower.com/about/company/filings.html,Ownership grouping; power buyers and balancing authorities do not establish ownership.
Georgia Transmission Corp,Georgia Transmission Corp,verified,https://www.gatrans.com/,Ownership grouping; power buyers and balancing authorities do not establish ownership.
Holliday Solar I,,review,,Project LLC upstream ownership not established by the EIA operator name. Withhold matches pending evidence.
JEA,JEA,verified,https://www.jea.com/,Ownership grouping; power buyers and balancing authorities do not establish ownership.
Juniper Solar,energyRe,verified,https://www.energyre.com/more/our-projects,Ownership grouping; power buyers and balancing authorities do not establish ownership.
Kingstree East 230,Ingka Group,verified,https://www.ingka.com/newsroom/ingka-builds-its-first-internally-developed-solar-park-in-south-carolina-74-9mwac/,Ownership grouping; power buyers and balancing authorities do not establish ownership.
Kingstree West 115,Ingka Group,verified,https://www.ingka.com/newsroom/ingka-builds-its-first-internally-developed-solar-park-in-south-carolina-74-9mwac/,Ownership grouping; power buyers and balancing authorities do not establish ownership.
Laurens Solar I,,review,,Project LLC upstream ownership not established by the EIA operator name. Withhold matches pending evidence.
Lotus Solar,,review,,Project LLC upstream ownership not established by the EIA operator name. Withhold matches pending evidence.
MEAG Power,MEAG Power,verified,https://www.meagpower.org/,Ownership grouping; power buyers and balancing authorities do not establish ownership.
Melsam Solar,energyRe,verified,https://www.energyre.com/more/our-projects,Ownership grouping; power buyers and balancing authorities do not establish ownership.
Oglethorpe Power,Oglethorpe Power,verified,https://opc.com/,Ownership grouping; power buyers and balancing authorities do not establish ownership.
Pasco County - (FL),Pasco County - (FL),verified,https://www.pascocountyfl.net/,Ownership grouping; power buyers and balancing authorities do not establish ownership.
Peach Woodsolar,,review,,Project LLC upstream ownership not established by the EIA operator name. Withhold matches pending evidence.
Pinopolis BESS,Aypa Power,verified,https://www.santeecooper.com/about/sustainability-report/2025/performance/bess/,Ownership grouping; power buyers and balancing authorities do not establish ownership.
Placid Solar,,review,,Project LLC upstream ownership not established by the EIA operator name. Withhold matches pending evidence.
Placid Solar II,,review,,Project LLC upstream ownership not established by the EIA operator name. Withhold matches pending evidence.
PowerSouth,PowerSouth,verified,https://www.powersouth.com/,Ownership grouping; power buyers and balancing authorities do not establish ownership.
Quest Solar,,review,,Project LLC upstream ownership not established by the EIA operator name. Withhold matches pending evidence.
Rollins Solar,energyRe,verified,https://www.energyre.com/more/our-projects,Ownership grouping; power buyers and balancing authorities do not establish ownership.
Ross Solar,energyRe,verified,https://www.energyre.com/more/our-projects,Ownership grouping; power buyers and balancing authorities do not establish ownership.
Samsung C&T Renewables,,review,,Project LLC upstream ownership not established by the EIA operator name. Withhold matches pending evidence.
Sandersville Solar,,review,,Project LLC upstream ownership not established by the EIA operator name. Withhold matches pending evidence.
Seminole Electric Cooperative,Seminole Electric Cooperative,verified,https://www.seminole-electric.com/,Ownership grouping; power buyers and balancing authorities do not establish ownership.
Shady Hills Energy Center,,review,,Project LLC upstream ownership not established by the EIA operator name. Withhold matches pending evidence.
Shining Sun Solar,,review,,Project LLC upstream ownership not established by the EIA operator name. Withhold matches pending evidence.
Shorthorn Solar,energyRe,verified,https://www.energyre.com/more/our-projects,Ownership grouping; power buyers and balancing authorities do not establish ownership.
Solriver Capital,Solriver Capital,verified,https://solrivercapital.com/,Ownership grouping; power buyers and balancing authorities do not establish ownership.
South Carolina Public Service Authority,South Carolina Public Service Authority,verified,https://www.santeecooper.com/,Ownership grouping; power buyers and balancing authorities do not establish ownership.
Southern Company,Southern Company,verified,https://www.southerncompany.com/about/our-companies.html,Ownership grouping; power buyers and balancing authorities do not establish ownership.
SR Bacon,Silicon Ranch,verified,https://www.siliconranch.com/bacon/,Ownership grouping; power buyers and balancing authorities do not establish ownership.
SR Bacon II,Silicon Ranch,verified,https://www.siliconranch.com/bacon/,Ownership grouping; power buyers and balancing authorities do not establish ownership.
SR Bacon III,Silicon Ranch,verified,https://www.siliconranch.com/bacon/,Ownership grouping; power buyers and balancing authorities do not establish ownership.
SR Cordova,Silicon Ranch,verified,https://dms.psc.sc.gov/Attachments/Matter/afb49561-2b24-46b7-8068-f630186803e2,Ownership grouping; power buyers and balancing authorities do not establish ownership.
SR Georgetown,Silicon Ranch,verified,https://dms.psc.sc.gov/Attachments/Matter/0855571c-8cbd-439a-880a-23de6f3a73f5,Ownership grouping; power buyers and balancing authorities do not establish ownership.
SR Norwood,,review,,Project LLC upstream ownership not established by the EIA operator name. Withhold matches pending evidence.
SR Rochelle I,,review,,Project LLC upstream ownership not established by the EIA operator name. Withhold matches pending evidence.
SR Rochelle II,,review,,Project LLC upstream ownership not established by the EIA operator name. Withhold matches pending evidence.
TVA,TVA,verified,https://www.tva.com/,Ownership grouping; power buyers and balancing authorities do not establish ownership.
Tampa Electric,Emera,verified,https://www.emera.com/companies/regulated-electric/tampa-electric,Ownership grouping; power buyers and balancing authorities do not establish ownership.
Met-Ed,FirstEnergy,verified,https://www.firstenergycorp.com/content/customer/met_edison.html,Operating company corporate family.
PPL,PPL,verified,https://www.pplweb.com/about-us/our-companies/,Operating company corporate family.
BGE,Exelon,verified,https://www.exeloncorp.com/companies,Operating company corporate family.
PECO,Exelon,verified,https://www.exeloncorp.com/companies,Operating company corporate family.
Pepco,Exelon,verified,https://www.exeloncorp.com/companies,Operating company corporate family.
Delmarva,Exelon,verified,https://www.exeloncorp.com/companies,Operating company corporate family.
