operator,name,state,county,lat,lng,approximate,source
Georgia Power,Adamsville,GA,,33.759,-84.505,true,"Adamsville quarter of Atlanta, Fulton County (OSM/Nominatim); its lines run to Plant McDonough and Buzzard Roost in metro Atlanta. The gazetteer's only Georgia Adamsville is a McDuffie County hamlet near Augusta"
Georgia Power,Buzzard Roost,,,,,,"Blocked: OSM's only Buzzard Roost substation is Santee Cooper's dam on Lake Greenwood, SC. Georgia Power's is in metro Atlanta (lines to Adamsville and Factory Shoals) and has no public location"
Georgia Power,Factory Shoals,GA,,33.769,-84.591,true,"Factory Shoals Road SW, Mableton, on the Cobb/Douglas County line west of Atlanta (OSM/Nominatim)"
Georgia Power,Jack McDonough,GA,,33.825,-84.471,false,"OSM power plant 'Plant McDonough-Atkinson', Smyrna, Cobb County"
Georgia Power,Atkinson,GA,,33.825,-84.471,true,"Plant Atkinson shares the Plant McDonough-Atkinson site in Cobb County (OSM); lines to Northside Drive and Northwest are in Atlanta. The place gazetteer matched Atkinson County in south Georgia"
Georgia Power,Hammond,GA,Floyd County,,,true,"Plant Hammond on the Coosa River west of Rome, Floyd County (lines to Weiss Dam and Anniston, AL). The place gazetteer matched a Hammond in South Carolina"
Georgia Power,Grady,GA,Fulton County,,,true,"Grady substation is in Atlanta (lines to West End and Morrow); the place gazetteer matched Grady County in southwest Georgia"
Dominion Energy South Carolina,Wateree,SC,,33.826,-80.624,false,"OSM 'Wateree Substation' beside DESC's Wateree Station, Richland County; OSM's other 'Wateree Dam Substation' is Duke's hydro 35 miles north"
Dominion Energy South Carolina,Killian,SC,Richland County,,,true,"Killian (Killian Road, northeast Columbia), Richland County; the place gazetteer only knows a Killian in Louisiana"
Dominion Energy South Carolina,Edenwood,SC,Lexington County,,,true,"Edenwood, Cayce, Lexington County (OSM/Nominatim); the other Edenwood is in Augusta, GA, outside DESC's territory"
Dominion Energy South Carolina,Summerville,SC,Dorchester County,,,true,"Summerville, Dorchester County (DESC's Summerville 230 kV substation); the other Summerville is in Chattooga County, GA"
Dominion Energy South Carolina,Union Pier,SC,Charleston County,,,true,"Union Pier, Charleston peninsula; the filing gives the need as load growth in the Charleston area"
Dominion Energy South Carolina,Gills Creek,SC,Richland County,,,true,"Gills Creek, Columbia, Richland County; the filing puts Coit 1.25 miles from it"
Dominion Energy South Carolina,Coit,SC,Richland County,,,true,"Coit substation, Columbia: the filing converts the 1.25-mile Coit - Gills Creek line"
